epoch,train_loss,eval_loss,eval_map
0,4.16221348811942,2.6631693489524584,5.35770594584222e-05
1,1.9787685716097092,1.4613758566306365,0.001240906181438009
